Task ID,Epic,Story,Task Title,Labels,Description,Story Points,Priority,Dependencies,Reference Docs,Wireframe Files
E1-S1-T1,E1,E1-S1,[BE] 회원가입 API 엔드포인트 개발,"[BE]","POST /api/auth/register 엔드포인트 구현. 이메일/비밀번호/이름 입력 처리, 중복 체크, 유효성 검사",2,P0,,04-feature-breakdown.md; 06-database-design.md; 07-api-specification.md,
E1-S1-T2,E1,E1-S1,[BE] 비밀번호 해싱 및 검증 로직 구현,"[BE]","bcrypt를 사용한 비밀번호 해싱 및 검증 로직 구현. 최소 8자, 영문+숫자+특수문자 조합 검증",1,P0,E1-S1-T1,04-feature-breakdown.md; 07-api-specification.md,
E1-S1-T3,E1,E1-S1,[BE] 이메일 중복 체크 API 개발,"[BE]","이메일 중복 확인 API 구현. 실시간 중복 체크 지원",1,P0,E1-S1-T1,04-feature-breakdown.md; 07-api-specification.md,
E1-S1-T4,E1,E1-S1,[BE] 이메일 인증 토큰 생성 및 저장,"[BE]","이메일 인증용 토큰 생성 (UUID), 만료 시간 설정 (24시간), DB 저장",2,P0,E1-S1-T1,04-feature-breakdown.md; 06-database-design.md,
E1-S1-T5,E1,E1-S1,[BE] 이메일 발송 서비스 통합,"[BE]","SendGrid/AWS SES 연동, 이메일 템플릿 작성, 발송 큐 처리",2,P0,E1-S1-T4,04-feature-breakdown.md; 07-api-specification.md,
E1-S1-T6,E1,E1-S1,[FE] 회원가입 폼 UI 컴포넌트 개발,"[FE]","회원가입 폼 컴포넌트 개발. 이메일/비밀번호/이름 입력 필드, 비밀번호 강도 표시기",2,P0,,04-feature-breakdown.md; 08-ui-ux-design.md,e1-auth/auth-001-register.html
E1-S1-T7,E1,E1-S1,[FE] 회원가입 폼 유효성 검사 로직,"[FE]","실시간 폼 유효성 검사 구현. 이메일 형식, 비밀번호 조건, 필수 필드 검증",2,P0,E1-S1-T6,04-feature-breakdown.md; 08-ui-ux-design.md,e1-auth/auth-001-register.html
E1-S1-T8,E1,E1-S1,[FE] 이메일 인증 완료 페이지 개발,"[FE]","이메일 인증 대기 및 완료 페이지 개발",1,P0,E1-S1-T6,04-feature-breakdown.md; 08-ui-ux-design.md,e1-auth/auth-002-email-verify.html; e1-auth/auth-003-email-complete.html
E1-S2-T1,E1,E1-S2,[BE] 로그인 API 엔드포인트 개발,"[BE]","POST /api/auth/login 엔드포인트 구현. 이메일/비밀번호 검증",2,P0,E1-S1-T1,04-feature-breakdown.md; 07-api-specification.md,
E1-S2-T2,E1,E1-S2,[BE] JWT 토큰 생성 및 검증 로직,"[BE]","Access Token (15분) / Refresh Token (7일) 생성 및 검증 로직 구현",2,P0,E1-S2-T1,04-feature-breakdown.md; 07-api-specification.md,
E1-S2-T3,E1,E1-S2,[BE] Refresh Token 로직 구현,"[BE]","토큰 갱신 API, Refresh Token 저장 및 검증, 토큰 무효화",2,P0,E1-S2-T2,04-feature-breakdown.md; 07-api-specification.md,
E1-S2-T4,E1,E1-S2,[BE] 로그인 실패 카운터 및 잠금 로직,"[BE]","5회 연속 실패 시 15분 잠금, 실패 카운터 관리, 잠금 해제 로직",2,P0,E1-S2-T1,04-feature-breakdown.md; 06-database-design.md,
E1-S2-T5,E1,E1-S2,[FE] 로그인 폼 UI 컴포넌트 개발,"[FE]","로그인 폼 컴포넌트 개발. 이메일/비밀번호 입력, 로그인 유지 체크박스, 비밀번호 표시 토글",2,P0,,04-feature-breakdown.md; 08-ui-ux-design.md,e1-auth/auth-004-login.html; e1-auth/auth-005-login-error.html
E1-S2-T6,E1,E1-S2,[FE] 토큰 저장 및 자동 갱신 로직,"[FE]","localStorage/httpOnly Cookie 토큰 저장, axios interceptor로 자동 갱신",2,P0,E1-S2-T5,04-feature-breakdown.md; 08-ui-ux-design.md,
E1-S2-T7,E1,E1-S2,[FE] 로그인 상태 전역 관리,"[FE]","Context/Zustand로 로그인 상태 관리, 인증 라우팅 가드",2,P0,E1-S2-T6,04-feature-breakdown.md; 08-ui-ux-design.md,
E1-S3-T1,E1,E1-S3,[BE] Google OAuth 통합,"[BE]","Google OAuth 2.0 클라이언트 설정, 인증 플로우 구현",2,P0,,04-feature-breakdown.md; 07-api-specification.md,
E1-S3-T2,E1,E1-S3,[BE] Microsoft OAuth 통합,"[BE]","Microsoft OAuth 2.0 클라이언트 설정, 인증 플로우 구현",2,P0,,04-feature-breakdown.md; 07-api-specification.md,
E1-S3-T3,E1,E1-S3,[BE] OAuth 콜백 처리 및 사용자 생성/연동,"[BE]","OAuth 콜백 처리, 신규 사용자 생성, 기존 계정 연동 옵션",2,P0,E1-S3-T1; E1-S3-T2,04-feature-breakdown.md; 06-database-design.md,
E1-S3-T4,E1,E1-S3,[FE] 소셜 로그인 버튼 UI 컴포넌트,"[FE]","Google/Microsoft 로그인 버튼 컴포넌트 개발",1,P0,,04-feature-breakdown.md; 08-ui-ux-design.md,e1-auth/auth-004-login.html; e1-auth/auth-007-oauth-link.html
E1-S3-T5,E1,E1-S3,[FE] OAuth 리다이렉트 처리 로직,"[FE]","OAuth 인증 후 리다이렉트 처리, 토큰 저장, 에러 핸들링",2,P0,E1-S3-T4,04-feature-breakdown.md; 08-ui-ux-design.md,
E1-S4-T1,E1,E1-S4,[BE] TOTP 시크릿 생성 및 저장,"[BE]","TOTP 시크릿 키 생성, 암호화 저장, 활성화/비활성화 관리",2,P1,,04-feature-breakdown.md; 06-database-design.md; 07-api-specification.md,
E1-S4-T2,E1,E1-S4,[BE] QR 코드 생성 API,"[BE]","Google Authenticator용 QR 코드 생성 API",1,P1,E1-S4-T1,04-feature-breakdown.md; 07-api-specification.md,
E1-S4-T3,E1,E1-S4,[BE] TOTP 코드 검증 로직,"[BE]","6자리 OTP 코드 검증 로직, 시간 윈도우 허용",1,P1,E1-S4-T1,04-feature-breakdown.md; 07-api-specification.md,
E1-S4-T4,E1,E1-S4,[BE] 백업 코드 생성 및 저장,"[BE]","백업 코드 10개 생성, 해싱 저장, 사용 횟수 관리",1,P1,E1-S4-T1,04-feature-breakdown.md; 06-database-design.md,
E1-S4-T5,E1,E1-S4,[FE] 2FA 설정 UI 개발,"[FE]","2FA 설정 페이지, QR 코드 표시, 백업 코드 다운로드",2,P1,,04-feature-breakdown.md; 08-ui-ux-design.md,e1-auth/auth-008-2fa-setup.html; e1-auth/auth-009-2fa-qr.html; e1-auth/auth-010-2fa-backup.html
E1-S4-T6,E1,E1-S4,[FE] 2FA 코드 입력 화면 개발,"[FE]","로그인 시 OTP 입력 화면, 6자리 입력 필드, 자동 포커스 이동",2,P1,,04-feature-breakdown.md; 08-ui-ux-design.md,e1-auth/auth-011-2fa-verify.html
E1-S5-T1,E1,E1-S5,[BE] 비밀번호 재설정 토큰 생성 API,"[BE]","재설정 토큰 생성, 만료 시간 설정 (1시간), DB 저장",1,P0,,04-feature-breakdown.md; 07-api-specification.md,
E1-S5-T2,E1,E1-S5,[BE] 재설정 이메일 발송 로직,"[BE]","비밀번호 재설정 이메일 템플릿, 발송 처리",1,P0,E1-S5-T1; E1-S1-T5,04-feature-breakdown.md; 07-api-specification.md,
E1-S5-T3,E1,E1-S5,[BE] 새 비밀번호 설정 API,"[BE]","토큰 검증 후 비밀번호 변경, 기존 세션 무효화",1,P0,E1-S5-T1,04-feature-breakdown.md; 07-api-specification.md,
E1-S5-T4,E1,E1-S5,[FE] 비밀번호 찾기 UI 개발,"[FE]","비밀번호 찾기 페이지, 이메일 입력 폼, 발송 완료 안내",1,P0,,04-feature-breakdown.md; 08-ui-ux-design.md,e1-auth/auth-012-forgot-password.html; e1-auth/auth-013-password-sent.html
E1-S5-T5,E1,E1-S5,[FE] 새 비밀번호 설정 UI 개발,"[FE]","새 비밀번호 입력 폼, 비밀번호 강도 표시, 완료 알림",1,P0,,04-feature-breakdown.md; 08-ui-ux-design.md,e1-auth/auth-014-reset-password.html
E1-S6-T1,E1,E1-S6,[DB] 역할 및 권한 데이터베이스 스키마 설계,"[DB]","roles, permissions, user_roles 테이블 설계, 초기 데이터 시딩",2,P0,,04-feature-breakdown.md; 06-database-design.md,
E1-S6-T2,E1,E1-S6,[BE] 권한 검증 미들웨어 개발,"[BE]","역할 기반 접근 제어 미들웨어, 권한 체크 데코레이터",2,P0,E1-S6-T1,04-feature-breakdown.md; 07-api-specification.md,
E1-S6-T3,E1,E1-S6,[BE] API 엔드포인트별 권한 적용,"[BE]","모든 API 엔드포인트에 역할 기반 권한 적용",2,P0,E1-S6-T2,04-feature-breakdown.md; 07-api-specification.md,
E1-S6-T4,E1,E1-S6,[FE] 역할 관리 Admin UI 개발,"[FE]","관리자용 사용자 역할 관리 페이지, 역할 변경 기능",2,P0,,04-feature-breakdown.md; 08-ui-ux-design.md,e1-auth/admin-001-role-management.html; e1-auth/admin-002-role-modal.html
E1-S6-T5,E1,E1-S6,[FE] 역할 기반 라우팅 가드 구현,"[FE]","역할에 따른 페이지 접근 제어, 리다이렉트 로직",2,P0,E1-S2-T7,04-feature-breakdown.md; 08-ui-ux-design.md,
E1-S6-T6,E1,E1-S6,[FE] 권한 오류 페이지 (403) 개발,"[FE]","403 Forbidden 에러 페이지 개발",1,P0,,04-feature-breakdown.md; 08-ui-ux-design.md,e1-auth/error-001-forbidden.html
E1-S7-T1,E1,E1-S7,[BE] 프로필 조회/수정 API 개발,"[BE]","사용자 프로필 CRUD API, 이름/소속/자기소개 수정",2,P1,E1-S6-T3,04-feature-breakdown.md; 07-api-specification.md,
E1-S7-T2,E1,E1-S7,[BE] 프로필 사진 업로드 API,"[BE]","S3 연동 이미지 업로드, 리사이즈 처리, URL 저장",2,P1,E1-S7-T1,04-feature-breakdown.md; 07-api-specification.md,
E1-S7-T3,E1,E1-S7,[BE] 이메일 변경 검증 로직,"[BE]","이메일 변경 시 재인증 플로우 구현",1,P1,E1-S7-T1,04-feature-breakdown.md; 07-api-specification.md,
E1-S7-T4,E1,E1-S7,[FE] 프로필 페이지 UI 개발,"[FE]","프로필 설정 페이지, 정보 수정 폼, 보안 설정 섹션",2,P1,,04-feature-breakdown.md; 08-ui-ux-design.md,e1-auth/profile-001-settings.html; e1-auth/profile-001-settings-student.html
E1-S7-T5,E1,E1-S7,[FE] 이미지 업로드 컴포넌트 개발,"[FE]","프로필 사진 업로드 모달, 미리보기, 크롭 기능",2,P1,,04-feature-breakdown.md; 08-ui-ux-design.md,e1-auth/profile-002-photo-modal.html
E1-S7-T6,E1,E1-S7,[FE] 비밀번호 변경 모달 개발,"[FE]","현재 비밀번호 확인 후 새 비밀번호 설정 모달",1,P1,,04-feature-breakdown.md; 08-ui-ux-design.md,e1-auth/profile-003-change-password.html
E2-S0-T1,E2,E2-S0,[BE] 대시보드 데이터 집계 API,"[BE]","교수용 대시보드 데이터 집계 API - 오늘 세션, 통계 요약",2,P0,,04-feature-breakdown.md; 07-api-specification.md,
E2-S0-T2,E2,E2-S0,[BE] 알림 조회 API,"[BE]","최근 알림 목록 조회 API - 결석, 과제 마감, 참여도 이상",1,P0,,04-feature-breakdown.md; 07-api-specification.md,
E2-S0-T3,E2,E2-S0,[BE] 채점 대기 과제 목록 API,"[BE]","채점 대기 중인 과제 목록 조회 API",1,P0,,04-feature-breakdown.md; 07-api-specification.md,
E2-S0-T4,E2,E2-S0,[BE] 위험 학생 목록 API,"[BE]","조기 경보 시스템 연동 위험 학생 목록 API",1,P0,E6-S3-T1,04-feature-breakdown.md; 07-api-specification.md,
E2-S0-T5,E2,E2-S0,[FE] 대시보드 레이아웃 및 통계 카드 UI,"[FE]","교수 대시보드 레이아웃, KPI 통계 카드 컴포넌트",2,P0,,04-feature-breakdown.md; 08-ui-ux-design.md,e2-course/dashboard.html
E2-S0-T6,E2,E2-S0,[FE] 오늘 일정 섹션 UI,"[FE]","오늘 예정/진행 중/완료 세션 목록 컴포넌트",2,P0,,04-feature-breakdown.md; 08-ui-ux-design.md,e2-course/dashboard.html
E2-S0-T7,E2,E2-S0,[FE] 알림 섹션 UI,"[FE]","최근 알림 목록 컴포넌트",1,P0,,04-feature-breakdown.md; 08-ui-ux-design.md,e2-course/dashboard.html
E2-S0-T8,E2,E2-S0,[FE] 채점 대기/위험 학생 섹션 UI,"[FE]","채점 대기 과제 및 위험 학생 목록 컴포넌트",2,P0,,04-feature-breakdown.md; 08-ui-ux-design.md,e2-course/dashboard.html
E2-S0S-T1,E2,E2-S0-S,[BE] 학생 대시보드 데이터 집계 API,"[BE]","학생용 대시보드 데이터 집계 API - 오늘 세션, 통계 요약",2,P0,,04-feature-breakdown.md; 07-api-specification.md,
E2-S0S-T2,E2,E2-S0-S,[BE] 마감 임박 과제/퀴즈 목록 API,"[BE]","마감 임박 과제 및 퀴즈 목록 조회 API",1,P0,,04-feature-breakdown.md; 07-api-specification.md,
E2-S0S-T3,E2,E2-S0-S,[BE] 주간 참여도 집계 API,"[BE]","학생 주간 참여도 지표 집계 API",2,P0,E5-S5-T1,04-feature-breakdown.md; 07-api-specification.md,
E2-S0S-T4,E2,E2-S0-S,[BE] 최근 성적 목록 API,"[BE]","학생 최근 성적 목록 조회 API",1,P0,,04-feature-breakdown.md; 07-api-specification.md,
E2-S0S-T5,E2,E2-S0-S,[FE] 학생 대시보드 레이아웃 및 통계 카드 UI,"[FE]","학생 대시보드 레이아웃, KPI 통계 카드 컴포넌트",2,P0,,04-feature-breakdown.md; 08-ui-ux-design.md,e2-course/dashboard-student.html
E2-S0S-T6,E2,E2-S0-S,[FE] 학생 오늘 일정 섹션 UI,"[FE]","학생용 오늘 세션 목록, LIVE 입장 버튼",2,P0,,04-feature-breakdown.md; 08-ui-ux-design.md,e2-course/dashboard-student.html
E2-S0S-T7,E2,E2-S0-S,[FE] 마감 임박/참여도/성적 섹션 UI,"[FE]","마감 임박 과제, 주간 참여도, 최근 성적 컴포넌트",2,P0,,04-feature-breakdown.md; 08-ui-ux-design.md,e2-course/dashboard-student.html
E2-S0SL-T1,E2,E2-S0-SL,[BE] 학생 코스 목록 API,"[BE]","학생 수강 코스 목록 조회 API - 진도, 상태 포함",2,P0,,04-feature-breakdown.md; 07-api-specification.md,
E2-S0SL-T2,E2,E2-S0-SL,[BE] 초대 코드 검증 및 등록 API,"[BE]","코스 초대 코드 검증 및 학생 등록 API",1,P0,,04-feature-breakdown.md; 07-api-specification.md,
E2-S0SL-T3,E2,E2-S0-SL,[FE] 학생 코스 목록 UI,"[FE]","학생 코스 목록 카드 그리드, 진도 표시, LIVE 버튼",2,P0,,04-feature-breakdown.md; 08-ui-ux-design.md,e2-course/crs-001-course-list-student.html
E2-S0SL-T4,E2,E2-S0-SL,[FE] 코스 등록 모달 UI,"[FE]","초대 코드 입력 모달, 코스 등록 확인",2,P0,,04-feature-breakdown.md; 08-ui-ux-design.md,e2-course/crs-008-invite-accept.html
E2-S0AS-T1,E2,E2-S0-AS,[BE] 과제 제출 API,"[BE]","학생 과제 파일 업로드 및 제출 API",2,P0,,04-feature-breakdown.md; 07-api-specification.md,
E2-S0AS-T2,E2,E2-S0-AS,[BE] 임시 저장 API,"[BE]","과제 임시 저장 API",1,P0,E2-S0AS-T1,04-feature-breakdown.md; 07-api-specification.md,
E2-S0AS-T3,E2,E2-S0-AS,[BE] 제출 횟수 관리 로직,"[BE]","과제 재제출 횟수 관리 및 검증 로직",1,P0,E2-S0AS-T1,04-feature-breakdown.md; 06-database-design.md,
E2-S0AS-T4,E2,E2-S0-AS,[FE] 파일 업로드 UI,"[FE]","드래그앤드롭 파일 업로드 컴포넌트",2,P0,,04-feature-breakdown.md; 08-ui-ux-design.md,e2-course/asg-005-submit.html
E2-S0AS-T5,E2,E2-S0-AS,[FE] 과제 상세 및 루브릭 표시 UI,"[FE]","과제 상세 정보, 평가 기준 표시 컴포넌트",2,P0,,04-feature-breakdown.md; 08-ui-ux-design.md,e2-course/asg-005-submit.html
E2-S0AS-T6,E2,E2-S0-AS,[FE] 제출 확인 모달 UI,"[FE]","제출 전 확인 모달, 표절 확인 동의, 성공 페이지",1,P0,,04-feature-breakdown.md; 08-ui-ux-design.md,e2-course/asg-005-submit.html
E2-S0CD-T1,E2,E2-S0-CD,[BE] 학생 코스 상세 API,"[BE]","학생용 코스 상세 조회 API - 진도, 성적 요약",2,P0,,04-feature-breakdown.md; 07-api-specification.md,
E2-S0CD-T2,E2,E2-S0-CD,[BE] 학생 세션/과제 현황 API,"[BE]","학생의 세션 출석, 과제 제출 현황 API",2,P0,,04-feature-breakdown.md; 07-api-specification.md,
E2-S0CD-T3,E2,E2-S0-CD,[FE] 학생 코스 상세 UI,"[FE]","코스 상세 Hero 섹션, 진도 카드, 점수 표시",2,P0,,04-feature-breakdown.md; 08-ui-ux-design.md,e2-course/crs-003-course-detail-student.html
E2-S0CD-T4,E2,E2-S0-CD,[FE] 세션/과제/녹화 목록 컴포넌트,"[FE]","학생용 세션, 과제, 녹화 영상 목록 컴포넌트",2,P0,,04-feature-breakdown.md; 08-ui-ux-design.md,e2-course/crs-003-course-detail-student.html
E2-S1-T1,E2,E2-S1,[BE] 코스 CRUD API 개발,"[BE]","코스 생성/조회/수정/삭제 API 구현",2,P0,,04-feature-breakdown.md; 07-api-specification.md,
E2-S1-T2,E2,E2-S1,[BE] 코스 코드 생성 로직,"[BE]","고유 코스 코드 자동 생성 로직 (예: CS101-2025-F)",1,P0,E2-S1-T1,04-feature-breakdown.md; 06-database-design.md,
E2-S1-T3,E2,E2-S1,[BE] 평가 기준 스키마 설계 및 저장,"[BE]","코스별 평가 기준 (참여도/퀴즈/과제 가중치) 저장 로직",2,P0,E2-S1-T1,04-feature-breakdown.md; 06-database-design.md,
E2-S1-T4,E2,E2-S1,[BE] TA 배정 API 개발,"[BE]","코스에 TA 배정/제거 API",1,P0,E2-S1-T1,04-feature-breakdown.md; 07-api-specification.md,
E2-S1-T5,E2,E2-S1,[FE] 코스 생성 폼 UI 개발,"[FE]","코스 생성 폼 - 기본 정보, 썸네일 업로드, 평가 기준",2,P0,,04-feature-breakdown.md; 08-ui-ux-design.md,e2-course/crs-002-create-course.html
E2-S1-T6,E2,E2-S1,[FE] 코스 설정 페이지 UI 개발,"[FE]","코스 설정 페이지 - 정보 수정, TA 관리, 공개 설정",2,P0,,04-feature-breakdown.md; 08-ui-ux-design.md,e2-course/crs-005-course-settings.html
E2-S1-T7,E2,E2-S1,[FE] 코스 목록 및 카드 컴포넌트 개발,"[FE]","코스 목록 그리드, 코스 카드 컴포넌트",2,P0,,04-feature-breakdown.md; 08-ui-ux-design.md,e2-course/crs-001-course-list.html
E2-S1-1-T1,E2,E2-S1-1,[BE] 코스 설정 조회/수정 API,"[BE]","코스 상세 설정 조회 및 수정 API",2,P0,E2-S1-T1,04-feature-breakdown.md; 07-api-specification.md,
E2-S1-1-T2,E2,E2-S1-1,[BE] 초대 코드 재생성 API,"[BE]","코스 초대 코드 재생성 및 무효화 API",1,P0,E2-S1-T1,04-feature-breakdown.md; 07-api-specification.md,
E2-S1-1-T3,E2,E2-S1-1,[BE] 코스 보관/삭제 API,"[BE]","코스 보관 처리 및 삭제 API (소프트 삭제)",1,P0,E2-S1-T1,04-feature-breakdown.md; 07-api-specification.md,
E2-S1-1-T4,E2,E2-S1-1,[FE] 코스 설정 페이지 UI,"[FE]","코스 설정 섹션별 폼 (기본 정보, 일정, 수강생, 평가)",2,P0,,04-feature-breakdown.md; 08-ui-ux-design.md,e2-course/crs-005-course-settings.html
E2-S1-1-T5,E2,E2-S1-1,[FE] 위험 영역 UI 및 확인 모달,"[FE]","코스 보관/삭제 위험 영역 UI, 확인 모달",1,P0,,04-feature-breakdown.md; 08-ui-ux-design.md,e2-course/crs-005-course-settings.html
E2-S2-T1,E2,E2-S2,[BE] CSV 파싱 및 검증 로직,"[BE]","학생 CSV 파일 파싱, 이메일 형식/중복 검증",2,P0,,04-feature-breakdown.md; 07-api-specification.md,
E2-S2-T2,E2,E2-S2,[BE] 일괄 사용자 생성/등록 API,"[BE]","CSV 기반 일괄 사용자 생성 및 코스 등록 API",2,P0,E2-S2-T1,04-feature-breakdown.md; 07-api-specification.md,
E2-S2-T3,E2,E2-S2,[BE] 초대 이메일 발송 큐 처리,"[BE]","등록된 학생 초대 이메일 비동기 발송 처리",2,P0,E2-S2-T2; E1-S1-T5,04-feature-breakdown.md; 07-api-specification.md,
E2-S2-T4,E2,E2-S2,[FE] CSV 업로드 UI 컴포넌트,"[FE]","CSV 파일 업로드 컴포넌트, 템플릿 다운로드",2,P0,,04-feature-breakdown.md; 08-ui-ux-design.md,e2-course/crs-004-students.html
E2-S2-T5,E2,E2-S2,[FE] 검증 결과 미리보기 UI,"[FE]","CSV 파싱 결과 미리보기 테이블",2,P0,,04-feature-breakdown.md; 08-ui-ux-design.md,e2-course/crs-004-students.html
E2-S2-T6,E2,E2-S2,[FE] 오류 표시 및 수정 UI,"[FE]","오류 행 하이라이트, 수정 기능",1,P0,,04-feature-breakdown.md; 08-ui-ux-design.md,e2-course/crs-004-students.html
E2-S3-T1,E2,E2-S3,[BE] 초대 링크 생성/검증 API,"[BE]","고유 초대 링크 생성 및 검증 API",2,P0,,04-feature-breakdown.md; 07-api-specification.md,
E2-S3-T2,E2,E2-S3,[BE] 링크 만료 및 인원 제한 로직,"[BE]","초대 링크 만료일, 최대 인원 제한 검증 로직",1,P0,E2-S3-T1,04-feature-breakdown.md; 06-database-design.md,
E2-S3-T3,E2,E2-S3,[BE] 초대 링크 자동 등록 처리,"[BE]","초대 링크 클릭 시 자동 코스 등록 처리",1,P0,E2-S3-T1,04-feature-breakdown.md; 07-api-specification.md,
E2-S3-T4,E2,E2-S3,[FE] 초대 링크 관리 UI,"[FE]","초대 링크 생성/복사/재생성/무효화 UI",1,P0,,04-feature-breakdown.md; 08-ui-ux-design.md,e2-course/crs-005-course-settings.html
E2-S3-T5,E2,E2-S3,[FE] 초대 수락 플로우 UI,"[FE]","초대 링크 접근 시 로그인/가입 후 등록 플로우",1,P0,,04-feature-breakdown.md; 08-ui-ux-design.md,e2-course/crs-008-invite-accept.html
E2-S4-T1,E2,E2-S4,[BE] 세션 CRUD API 개발,"[BE]","세션 생성/조회/수정/삭제 API 구현",2,P0,,04-feature-breakdown.md; 07-api-specification.md,
E2-S4-T2,E2,E2-S4,[BE] 반복 일정 생성 로직,"[BE]","rrule 기반 반복 세션 일정 생성 로직",2,P0,E2-S4-T1,04-feature-breakdown.md; 06-database-design.md,
E2-S4-T3,E2,E2-S4,[BE] 세션 알림 스케줄러 개발,"[BE]","세션 시작 전 알림 스케줄러 (이메일, 푸시)",2,P0,E2-S4-T1,04-feature-breakdown.md; 07-api-specification.md,
E2-S4-T4,E2,E2-S4,[BE] iCal 내보내기 API,"[BE]","세션 일정 iCal 형식 내보내기 API",1,P0,E2-S4-T1,04-feature-breakdown.md; 07-api-specification.md,
E2-S4-T5,E2,E2-S4,[FE] 캘린더 뷰 UI 컴포넌트,"[FE]","react-big-calendar 기반 세션 캘린더 뷰",2,P0,,04-feature-breakdown.md; 08-ui-ux-design.md,e2-course/ses-001-session-list.html
E2-S4-T6,E2,E2-S4,[FE] 세션 생성/수정 모달 개발,"[FE]","세션 생성/수정 모달 폼",2,P0,,04-feature-breakdown.md; 08-ui-ux-design.md,e2-course/ses-002-create-session.html
E2-S4-T7,E2,E2-S4,[FE] 알림 표시 컴포넌트 개발,"[FE]","세션 알림 토스트/배너 컴포넌트",1,P0,,04-feature-breakdown.md; 08-ui-ux-design.md,
E2-S5-T1,E2,E2-S5,[BE] 파일 업로드 API (S3 연동),"[BE]","S3 연동 파일 업로드 API, 100MB 제한",2,P1,,04-feature-breakdown.md; 07-api-specification.md,
E2-S5-T2,E2,E2-S5,[BE] 폴더 구조 CRUD API,"[BE]","콘텐츠 라이브러리 폴더 구조 관리 API",2,P1,E2-S5-T1,04-feature-breakdown.md; 07-api-specification.md,
E2-S5-T3,E2,E2-S5,[BE] 파일 권한 관리 로직,"[BE]","학생별 파일 공개/비공개 권한 관리",1,P1,E2-S5-T1,04-feature-breakdown.md; 06-database-design.md,
E2-S5-T4,E2,E2-S5,[BE] 파일 검색 API,"[BE]","Elasticsearch 기반 콘텐츠 검색 API",2,P1,E2-S5-T1,04-feature-breakdown.md; 07-api-specification.md,
E2-S5-T5,E2,E2-S5,[FE] 콘텐츠 라이브러리 UI 개발,"[FE]","콘텐츠 라이브러리 페이지, 파일/폴더 목록, 검색",3,P1,,04-feature-breakdown.md; 08-ui-ux-design.md,e2-course/cnt-001-content-library.html
E2-S5-T6,E2,E2-S5,[FE] 드래그 앤 드롭 업로드 컴포넌트,"[FE]","드래그앤드롭 파일 업로드, 진행률 표시",2,P1,,04-feature-breakdown.md; 08-ui-ux-design.md,e2-course/cnt-002-upload.html
E2-S6-T1,E2,E2-S6,[BE] 과제 CRUD API 개발,"[BE]","과제 생성/조회/수정/삭제 API",2,P1,,04-feature-breakdown.md; 07-api-specification.md,
E2-S6-T2,E2,E2-S6,[BE] 과제 제출 API 개발,"[BE]","학생 과제 제출 API, 다중 파일 지원",2,P1,E2-S6-T1,04-feature-breakdown.md; 07-api-specification.md,
E2-S6-T3,E2,E2-S6,[BE] 늦은 제출 및 재제출 로직,"[BE]","늦은 제출 패널티, 재제출 횟수 관리 로직",2,P1,E2-S6-T2,04-feature-breakdown.md; 06-database-design.md,
E2-S6-T4,E2,E2-S6,[BE] 채점 및 피드백 API,"[BE]","과제 채점, 피드백 저장 API",2,P1,E2-S6-T2,04-feature-breakdown.md; 07-api-specification.md,
E2-S6-T5,E2,E2-S6,[FE] 과제 목록 및 상세 UI,"[FE]","과제 목록 페이지, 과제 상세 페이지",2,P1,,04-feature-breakdown.md; 08-ui-ux-design.md,e2-course/asg-001-assignment-list.html
E2-S6-T6,E2,E2-S6,[FE] 과제 생성/수정 UI,"[FE]","과제 생성/수정 폼 페이지",2,P1,,04-feature-breakdown.md; 08-ui-ux-design.md,e2-course/asg-002-create-assignment.html
E2-S6-T7,E2,E2-S6,[FE] 채점 UI (교수용),"[FE]","제출물 목록, 채점 화면, 피드백 입력",2,P1,,04-feature-breakdown.md; 08-ui-ux-design.md,e2-course/asg-003-submissions.html; e2-course/asg-004-grading.html
E2-S7-T1,E2,E2-S7,[BE] 성적 계산 로직 개발,"[BE]","참여도+퀴즈+과제 가중치 기반 성적 자동 계산",2,P1,E2-S1-T3,04-feature-breakdown.md; 07-api-specification.md,
E2-S7-T2,E2,E2-S7,[BE] 가중치 설정 API,"[BE]","코스별 평가 항목 가중치 설정 API",1,P1,E2-S7-T1,04-feature-breakdown.md; 07-api-specification.md,
E2-S7-T3,E2,E2-S7,[BE] 성적 조회 API,"[BE]","교수/학생별 성적 조회 API",2,P1,E2-S7-T1,04-feature-breakdown.md; 07-api-specification.md,
E2-S7-T4,E2,E2-S7,[BE] 성적 내보내기 기능,"[BE]","Excel/CSV 형식 성적 내보내기",2,P1,E2-S7-T3,04-feature-breakdown.md; 07-api-specification.md,
E2-S7-T5,E2,E2-S7,[FE] 성적 관리 대시보드 UI,"[FE]","교수용 성적 관리 대시보드, 학생별 성적 테이블",3,P1,,04-feature-breakdown.md; 08-ui-ux-design.md,e2-course/grd-001-grade-dashboard.html; e2-course/grd-002-student-detail.html
E2-S7-T6,E2,E2-S7,[FE] 학생용 성적 확인 UI,"[FE]","학생 본인 성적 확인 페이지",2,P1,,04-feature-breakdown.md; 08-ui-ux-design.md,e2-course/grd-003-student-view.html
E3-S1-T1,E3,E3-S1,[BE] WebRTC 미디어 서버 설정,"[BE]","Jitsi/mediasoup 기반 WebRTC 미디어 서버 구성",5,P0,,04-feature-breakdown.md; 02-technical-architecture.md,
E3-S1-T2,E3,E3-S1,[BE] 세미나 룸 생성 API,"[BE]","세미나 룸 생성 API, 3초 이내 생성 보장",2,P0,E3-S1-T1,04-feature-breakdown.md; 07-api-specification.md,
E3-S1-T3,E3,E3-S1,[BE] 실시간 알림 발송 (WebSocket),"[BE]","세션 시작 시 학생들에게 실시간 알림 발송",2,P0,E3-S1-T2,04-feature-breakdown.md; 07-api-specification.md,
E3-S1-T4,E3,E3-S1,[BE] 대기실 로직 구현,"[BE]","대기실 기능 - 교수 승인 후 입장 처리",2,P0,E3-S1-T2,04-feature-breakdown.md; 07-api-specification.md,
E3-S1-T5,E3,E3-S1,[FE] 세미나 입장 UI 개발,"[FE]","세션 입장 페이지, 장비 점검, 입장 버튼",2,P0,,04-feature-breakdown.md; 08-ui-ux-design.md,e3-live/live-001-session-prep.html; e3-live/live-002-student-join.html
E3-S1-T6,E3,E3-S1,[FE] 미디어 장치 선택/프리뷰 컴포넌트,"[FE]","카메라/마이크 선택, 미리보기 컴포넌트",2,P0,,04-feature-breakdown.md; 08-ui-ux-design.md,e3-live/live-001-session-prep.html
E3-S1-T7,E3,E3-S1,[FE] 대기실 UI 개발,"[FE]","대기실 페이지, 승인 대기 상태 표시",1,P0,,04-feature-breakdown.md; 08-ui-ux-design.md,e3-live/live-003-waiting-room.html; e3-live/live-004-waiting-manage.html
E3-S1SV-T1,E3,E3-S1-SV,[BE] 학생 뷰 WebRTC 연결 로직,"[BE]","학생 클라이언트 WebRTC 연결 처리",2,P0,E3-S1-T1,04-feature-breakdown.md; 07-api-specification.md,
E3-S1SV-T2,E3,E3-S1-SV,[BE] 손들기/반응 실시간 이벤트 처리,"[BE]","학생 손들기, 이모지 반응 WebSocket 이벤트",2,P0,E3-S1-T3,04-feature-breakdown.md; 07-api-specification.md,
E3-S1SV-T3,E3,E3-S1-SV,[FE] 학생 라이브 뷰 메인 레이아웃,"[FE]","학생용 라이브 세션 메인 레이아웃",2,P0,,04-feature-breakdown.md; 08-ui-ux-design.md,e3-live/live-004-student-view.html; e3-live/live-006-student-view.html
E3-S1SV-T4,E3,E3-S1-SV,[FE] 채팅/참여자/활동 탭 패널,"[FE]","학생용 사이드 패널 - 채팅, 참여자 목록, 활동",2,P0,,04-feature-breakdown.md; 08-ui-ux-design.md,e3-live/live-006-student-view.html
E3-S1SV-T5,E3,E3-S1-SV,[FE] 학생 컨트롤 바,"[FE]","학생용 하단 컨트롤 바 - 마이크, 카메라, 손들기",2,P0,,04-feature-breakdown.md; 08-ui-ux-design.md,e3-live/live-006-student-view.html
E3-S2-T1,E3,E3-S2,[BE] WebRTC 피어 연결 관리 로직,"[BE]","다중 참가자 WebRTC 피어 연결 관리",5,P0,E3-S1-T1,04-feature-breakdown.md; 02-technical-architecture.md,
E3-S2-T2,E3,E3-S2,[BE] SFU 아키텍처 구현,"[BE]","Selective Forwarding Unit 아키텍처 구현",5,P0,E3-S2-T1,04-feature-breakdown.md; 02-technical-architecture.md,
E3-S2-T3,E3,E3-S2,[BE] 대역폭 적응형 스트리밍 로직,"[BE]","네트워크 상태에 따른 자동 품질 조정",2,P0,E3-S2-T2,04-feature-breakdown.md; 02-technical-architecture.md,
E3-S2-T4,E3,E3-S2,[FE] 비디오 그리드 레이아웃 컴포넌트,"[FE]","참가자 비디오 그리드 레이아웃, 반응형",3,P0,,04-feature-breakdown.md; 08-ui-ux-design.md,e3-live/live-017-grid-view.html
E3-S2-T5,E3,E3-S2,[FE] 미디어 컨트롤 버튼 UI,"[FE]","카메라/마이크 토글 버튼 컴포넌트",2,P0,,04-feature-breakdown.md; 08-ui-ux-design.md,e3-live/live-005-professor-view.html
E3-S2-T6,E3,E3-S2,[FE] 발언자 감지 및 하이라이트,"[FE]","현재 발언자 비디오 하이라이트 표시",2,P0,,04-feature-breakdown.md; 08-ui-ux-design.md,e3-live/live-018-speaker-view.html
E3-S3-T1,E3,E3-S3,[BE] 화면 공유 스트림 처리 로직,"[BE]","화면 공유 스트림 SFU 통한 배포",2,P0,E3-S2-T2,04-feature-breakdown.md; 07-api-specification.md,
E3-S3-T2,E3,E3-S3,[BE] 화면 공유 권한 관리,"[BE]","화면 공유 권한 부여/해제 API",1,P0,E3-S3-T1,04-feature-breakdown.md; 07-api-specification.md,
E3-S3-T3,E3,E3-S3,[FE] getDisplayMedia API 통합,"[FE]","브라우저 화면 공유 API 통합",2,P0,,04-feature-breakdown.md; 08-ui-ux-design.md,
E3-S3-T4,E3,E3-S3,[FE] 화면 공유 UI (선택 다이얼로그),"[FE]","화면/창/탭 선택 UI",2,P0,,04-feature-breakdown.md; 08-ui-ux-design.md,e3-live/live-007-screen-share-select.html
E3-S3-T5,E3,E3-S3,[FE] PIP 비디오 컴포넌트,"[FE]","화면 공유 중 발표자 PIP 비디오",1,P0,,04-feature-breakdown.md; 08-ui-ux-design.md,e3-live/live-008-screen-sharing.html
E3-S3-T6,E3,E3-S3,[FE] 화면 공유 뷰 레이아웃,"[FE]","화면 공유 시 레이아웃 변경",1,P0,,04-feature-breakdown.md; 08-ui-ux-design.md,e3-live/live-008-screen-sharing.html
E3-S4-T1,E3,E3-S4,[BE] 채팅 메시지 WebSocket 서버 구현,"[BE]","실시간 채팅 WebSocket 서버, 메시지 브로드캐스트",2,P0,,04-feature-breakdown.md; 07-api-specification.md,
E3-S4-T2,E3,E3-S4,[BE] 채팅 메시지 저장 로직,"[BE]","채팅 메시지 DB 저장, 히스토리 조회",1,P0,E3-S4-T1,04-feature-breakdown.md; 06-database-design.md,
E3-S4-T3,E3,E3-S4,[BE] 파일 업로드/다운로드 API,"[BE]","채팅 내 파일 공유 API (10MB 제한)",2,P0,,04-feature-breakdown.md; 07-api-specification.md,
E3-S4-T4,E3,E3-S4,[FE] 채팅 UI 컴포넌트 개발,"[FE]","채팅 패널, 메시지 목록, 입력창",2,P0,,04-feature-breakdown.md; 08-ui-ux-design.md,e3-live/live-009-chat-panel.html
E3-S4-T5,E3,E3-S4,[FE] DM 기능 구현,"[FE]","1:1 개인 메시지 기능",1,P0,,04-feature-breakdown.md; 08-ui-ux-design.md,e3-live/live-010-direct-message.html
E3-S4-T6,E3,E3-S4,[FE] 이모지 피커 통합,"[FE]","채팅 이모지 선택 피커",1,P0,,04-feature-breakdown.md; 08-ui-ux-design.md,
E3-S4-T7,E3,E3-S4,[FE] 채팅 검색 UI,"[FE]","채팅 메시지 검색 기능",1,P0,,04-feature-breakdown.md; 08-ui-ux-design.md,
E3-S5-T1,E3,E3-S5,[BE] 손들기 상태 관리 API,"[BE]","손들기 큐 관리 API, 순서 정렬",1,P0,,04-feature-breakdown.md; 07-api-specification.md,
E3-S5-T2,E3,E3-S5,[BE] 반응 이벤트 브로드캐스트,"[BE]","이모지 반응 실시간 브로드캐스트",1,P0,E3-S4-T1,04-feature-breakdown.md; 07-api-specification.md,
E3-S5-T3,E3,E3-S5,[FE] 손들기 버튼 및 큐 UI,"[FE]","손들기 버튼, 손든 학생 목록 (교수용)",2,P0,,04-feature-breakdown.md; 08-ui-ux-design.md,e3-live/live-012-hand-queue.html
E3-S5-T4,E3,E3-S5,[FE] 반응 버튼 UI,"[FE]","이모지 반응 버튼 패널",1,P0,,04-feature-breakdown.md; 08-ui-ux-design.md,e3-live/live-013-reactions.html; e3-live/live-014-reaction-display.html
E3-S5-T5,E3,E3-S5,[FE] 손든 학생 목록 (교수용),"[FE]","교수용 손든 학생 큐 목록, 지목 기능",1,P0,,04-feature-breakdown.md; 08-ui-ux-design.md,e3-live/live-012-hand-queue.html
E3-S6-T1,E3,E3-S6,[BE] 녹화 서버 구성,"[BE]","Jibri/커스텀 녹화 서버 구성",5,P1,E3-S1-T1,04-feature-breakdown.md; 02-technical-architecture.md,
E3-S6-T2,E3,E3-S6,[BE] 녹화 시작/종료 API,"[BE]","세션 녹화 시작/종료 API",2,P1,E3-S6-T1,04-feature-breakdown.md; 07-api-specification.md,
E3-S6-T3,E3,E3-S6,[BE] 비디오 인코딩 파이프라인,"[BE]","FFmpeg 기반 비디오 인코딩 파이프라인",3,P1,E3-S6-T2,04-feature-breakdown.md; 02-technical-architecture.md,
E3-S6-T4,E3,E3-S6,[BE] 클라우드 스토리지 연동,"[BE]","녹화본 S3 업로드 및 관리",2,P1,E3-S6-T3,04-feature-breakdown.md; 07-api-specification.md,
E3-S6-T5,E3,E3-S6,[BE] 자막 생성 (STT),"[BE]","Whisper/Google STT 기반 자동 자막 생성",3,P1,E3-S6-T4,04-feature-breakdown.md; 02-technical-architecture.md,
E3-S6-T6,E3,E3-S6,[FE] 녹화 컨트롤 UI,"[FE]","녹화 시작/종료 버튼, 녹화 상태 표시",1,P1,,04-feature-breakdown.md; 08-ui-ux-design.md,e3-live/live-015-recording-control.html
E3-S6-T7,E3,E3-S6,[FE] 녹화본 다시보기 플레이어,"[FE]","비디오 플레이어, 자막, 챕터 마커",3,P1,,04-feature-breakdown.md; 08-ui-ux-design.md,e3-live/live-016-recording-playback.html
E3-S7-T1,E3,E3-S7,[BE] 레이아웃 상태 동기화 API,"[BE]","참가자 레이아웃 상태 동기화 API",1,P1,,04-feature-breakdown.md; 07-api-specification.md,
E3-S7-T2,E3,E3-S7,[BE] 레이아웃 강제 변경 브로드캐스트,"[BE]","교수 레이아웃 강제 변경 브로드캐스트",1,P1,E3-S7-T1,04-feature-breakdown.md; 07-api-specification.md,
E3-S7-T3,E3,E3-S7,[FE] 그리드 뷰 컴포넌트,"[FE]","참가자 균등 그리드 레이아웃",2,P1,,04-feature-breakdown.md; 08-ui-ux-design.md,e3-live/live-017-grid-view.html
E3-S7-T4,E3,E3-S7,[FE] 발표자 뷰 컴포넌트,"[FE]","발표자 크게, 나머지 작게 레이아웃",2,P1,,04-feature-breakdown.md; 08-ui-ux-design.md,e3-live/live-018-speaker-view.html
E3-S7-T5,E3,E3-S7,[FE] 레이아웃 선택 UI,"[FE]","레이아웃 변경 드롭다운 메뉴",1,P1,,04-feature-breakdown.md; 08-ui-ux-design.md,e3-live/live-019-layout-dropdown.html
E4-S1-T1,E4,E4-S1,[BE] 투표 CRUD API 개발,"[BE]","투표 생성/조회/수정/삭제 API",2,P0,,04-feature-breakdown.md; 07-api-specification.md,
E4-S1-T2,E4,E4-S1,[BE] 투표 타입별 스키마 설계,"[BE]","객관식/다중선택/주관식/O/X 스키마 설계",1,P0,E4-S1-T1,04-feature-breakdown.md; 06-database-design.md,
E4-S1-T3,E4,E4-S1,[BE] 투표 시작/종료 실시간 이벤트,"[BE]","투표 시작/종료 WebSocket 이벤트",2,P0,E4-S1-T1,04-feature-breakdown.md; 07-api-specification.md,
E4-S1-T4,E4,E4-S1,[FE] 투표 생성 폼 UI,"[FE]","투표 생성 모달 폼, 타입 선택",2,P0,,04-feature-breakdown.md; 08-ui-ux-design.md,e4-active/poll-001-create-poll.html
E4-S1-T5,E4,E4-S1,[FE] 투표 타입별 입력 컴포넌트,"[FE]","각 투표 타입별 선택지 입력 컴포넌트",2,P0,,04-feature-breakdown.md; 08-ui-ux-design.md,e4-active/poll-001-create-poll.html
E4-S1-T6,E4,E4-S1,[FE] 템플릿 저장/불러오기 UI,"[FE]","투표 템플릿 저장 및 재사용 기능",1,P0,,04-feature-breakdown.md; 08-ui-ux-design.md,e4-active/poll-002-templates.html
E4-S2-T1,E4,E4-S2,[BE] 투표 응답 저장 API,"[BE]","학생 투표 응답 저장 API",1,P0,E4-S1-T1,04-feature-breakdown.md; 07-api-specification.md,
E4-S2-T2,E4,E4-S2,[BE] 실시간 응답률 브로드캐스트,"[BE]","투표 응답률 실시간 업데이트 브로드캐스트",1,P0,E4-S2-T1,04-feature-breakdown.md; 07-api-specification.md,
E4-S2-T3,E4,E4-S2,[BE] 투표 결과 집계 API,"[BE]","투표 결과 집계 및 통계 API",1,P0,E4-S2-T1,04-feature-breakdown.md; 07-api-specification.md,
E4-S2-T4,E4,E4-S2,[FE] 투표 응답 UI (학생용),"[FE]","학생용 투표 참여 팝업, 선택지",2,P0,,04-feature-breakdown.md; 08-ui-ux-design.md,e4-active/poll-003-participate.html
E4-S2-T5,E4,E4-S2,[FE] 결과 차트 컴포넌트,"[FE]","Chart.js 기반 투표 결과 차트 (막대/파이/워드클라우드)",2,P0,,04-feature-breakdown.md; 08-ui-ux-design.md,e4-active/poll-004-results.html; e4-active/poll-005-wordcloud.html
E4-S2-T6,E4,E4-S2,[FE] 정답/해설 표시 UI,"[FE]","퀴즈형 투표 정답 및 해설 표시",1,P0,,04-feature-breakdown.md; 08-ui-ux-design.md,e4-active/poll-004-results.html
E4-S3-T1,E4,E4-S3,[BE] 문제 CRUD API 개발,"[BE]","퀴즈 문제 생성/조회/수정/삭제 API",2,P0,,04-feature-breakdown.md; 07-api-specification.md,
E4-S3-T2,E4,E4-S3,[BE] 태그 및 카테고리 관리 API,"[BE]","문제 태그, 카테고리 관리 API",1,P0,E4-S3-T1,04-feature-breakdown.md; 07-api-specification.md,
E4-S3-T3,E4,E4-S3,[BE] 문제 가져오기/내보내기 로직,"[BE]","CSV/QTI 형식 문제 가져오기/내보내기",2,P0,E4-S3-T1,04-feature-breakdown.md; 07-api-specification.md,
E4-S3-T4,E4,E4-S3,[FE] 문제 은행 UI 개발,"[FE]","문제 은행 목록, 필터링, 검색",2,P0,,04-feature-breakdown.md; 08-ui-ux-design.md,e4-active/quiz-001-question-bank.html
E4-S3-T5,E4,E4-S3,[FE] 문제 유형별 에디터,"[FE]","객관식/주관식/참거짓/코딩 문제 에디터",2,P0,,04-feature-breakdown.md; 08-ui-ux-design.md,e4-active/quiz-002-edit-question.html
E4-S3-T6,E4,E4-S3,[FE] 문제 미리보기 컴포넌트,"[FE]","문제 미리보기 모달",1,P0,,04-feature-breakdown.md; 08-ui-ux-design.md,e4-active/quiz-002-edit-question.html
E4-S4-T1,E4,E4-S4,[BE] 퀴즈 세션 관리 API,"[BE]","퀴즈 세션 생성/시작/종료 API",2,P0,E4-S3-T1,04-feature-breakdown.md; 07-api-specification.md,
E4-S4-T2,E4,E4-S4,[BE] 답안 제출 및 채점 API,"[BE]","학생 답안 제출, 객관식 자동 채점",2,P0,E4-S4-T1,04-feature-breakdown.md; 07-api-specification.md,
E4-S4-T3,E4,E4-S4,[BE] 시간 제한 관리 로직,"[BE]","문제별/전체 시간 제한 관리",1,P0,E4-S4-T1,04-feature-breakdown.md; 07-api-specification.md,
E4-S4-T4,E4,E4-S4,[FE] 퀴즈 진행 UI 개발,"[FE]","퀴즈 풀기 전체 화면, 문제 표시, 답안 선택",3,P0,,04-feature-breakdown.md; 08-ui-ux-design.md,e4-active/quiz-003-taking.html
E4-S4-T5,E4,E4-S4,[FE] 타이머 컴포넌트,"[FE]","퀴즈 시간 제한 타이머 컴포넌트",1,P0,,04-feature-breakdown.md; 08-ui-ux-design.md,e4-active/quiz-003-taking.html
E4-S4-T6,E4,E4-S4,[FE] 결과 요약 UI,"[FE]","퀴즈 완료 후 점수 요약, 정오답 표시",2,P0,,04-feature-breakdown.md; 08-ui-ux-design.md,e4-active/quiz-004-results.html
E4-S5-T1,E4,E4-S5,[BE] 분반 생성/관리 API,"[BE]","분반(Breakout Room) 생성/수정/삭제 API",2,P0,,04-feature-breakdown.md; 07-api-specification.md,
E4-S5-T2,E4,E4-S5,[BE] 자동 배정 알고리즘 구현,"[BE]","랜덤/균등/성적 기반 자동 배정 알고리즘",2,P0,E4-S5-T1,04-feature-breakdown.md; 07-api-specification.md,
E4-S5-T3,E4,E4-S5,[BE] 분반 미디어 서버 연결 로직,"[BE]","분반별 독립 미디어 스트림 라우팅",3,P0,E4-S5-T1; E3-S2-T2,04-feature-breakdown.md; 02-technical-architecture.md,
E4-S5-T4,E4,E4-S5,[BE] 분반 타이머 및 알림,"[BE]","분반 타이머, 종료 알림 브로드캐스트",1,P0,E4-S5-T1,04-feature-breakdown.md; 07-api-specification.md,
E4-S5-T5,E4,E4-S5,[FE] 분반 설정 UI,"[FE]","분반 설정 모달 - 방 수, 배정 방식, 시간",2,P0,,04-feature-breakdown.md; 08-ui-ux-design.md,e4-active/brk-001-setup.html
E4-S5-T6,E4,E4-S5,[FE] 드래그 앤 드롭 배정 UI,"[FE]","수동 학생 배정 드래그앤드롭 인터페이스",2,P0,,04-feature-breakdown.md; 08-ui-ux-design.md,e4-active/brk-002-manual-assign.html
E4-S5-T7,E4,E4-S5,[FE] 분반 이동 트랜지션,"[FE]","분반 이동 시 화면 전환 애니메이션",2,P0,,04-feature-breakdown.md; 08-ui-ux-design.md,
E4-S6-T1,E4,E4-S6,[BE] 분반 상태 조회 API,"[BE]","모든 분반 현황 조회 API (참여자 수, 활성도)",1,P0,E4-S5-T1,04-feature-breakdown.md; 07-api-specification.md,
E4-S6-T2,E4,E4-S6,[BE] 교수 분반 이동 로직,"[BE]","교수 분반 간 이동 처리 로직",2,P0,E4-S5-T3,04-feature-breakdown.md; 07-api-specification.md,
E4-S6-T3,E4,E4-S6,[BE] 브로드캐스트 메시지 API,"[BE]","분반 전체 메시지 브로드캐스트 API",1,P0,E4-S5-T1,04-feature-breakdown.md; 07-api-specification.md,
E4-S6-T4,E4,E4-S6,[FE] 분반 모니터링 대시보드 UI,"[FE]","교수용 분반 모니터링 대시보드",2,P0,,04-feature-breakdown.md; 08-ui-ux-design.md,e4-active/brk-003-monitor.html
E4-S6-T5,E4,E4-S6,[FE] 분반 이동 UI,"[FE]","교수 분반 이동 버튼/기능",1,P0,,04-feature-breakdown.md; 08-ui-ux-design.md,e4-active/brk-003-monitor.html
E4-S6-T6,E4,E4-S6,[FE] 브로드캐스트 메시지 UI,"[FE]","전체 분반 메시지 발송 모달",1,P0,,04-feature-breakdown.md; 08-ui-ux-design.md,e4-active/brk-003-monitor.html
E4-S6-T7,E4,E4-S6,[FE] 학생용 분반 참여 UI,"[FE]","학생 분반 토론 화면",2,P0,,04-feature-breakdown.md; 08-ui-ux-design.md,e4-active/brk-004-student-view.html
E4-S7-T1,E4,E4-S7,[BE] 화이트보드 실시간 동기화,"[BE]","CRDT 기반 화이트보드 실시간 동기화",5,P1,,04-feature-breakdown.md; 02-technical-architecture.md,
E4-S7-T2,E4,E4-S7,[BE] 화이트보드 저장/로드 API,"[BE]","화이트보드 상태 저장 및 로드 API",2,P1,E4-S7-T1,04-feature-breakdown.md; 07-api-specification.md,
E4-S7-T3,E4,E4-S7,[BE] 이미지 내보내기 API,"[BE]","화이트보드 PNG/PDF 내보내기 API",1,P1,E4-S7-T2,04-feature-breakdown.md; 07-api-specification.md,
E4-S7-T4,E4,E4-S7,[FE] 화이트보드 캔버스 컴포넌트,"[FE]","Excalidraw/Fabric.js 기반 화이트보드 캔버스",5,P1,,04-feature-breakdown.md; 08-ui-ux-design.md,e4-active/wb-001-whiteboard.html
E4-S7-T5,E4,E4-S7,[FE] 드로잉 도구 UI,"[FE]","펜/형태/텍스트/이미지 도구 패널",2,P1,,04-feature-breakdown.md; 08-ui-ux-design.md,e4-active/wb-001-whiteboard.html
E4-S7-T6,E4,E4-S7,[FE] 협업 커서 표시,"[FE]","다른 사용자 커서 실시간 표시",2,P1,,04-feature-breakdown.md; 08-ui-ux-design.md,e4-active/wb-001-whiteboard.html
E4-S8-T1,E4,E4-S8,[BE] 발언 큐 관리 API,"[BE]","소크라틱 토론 발언 순서 큐 관리 API",2,P1,,04-feature-breakdown.md; 07-api-specification.md,
E4-S8-T2,E4,E4-S8,[BE] 발언 시간 추적 로직,"[BE]","학생별 발언 시간 추적 및 제한 로직",1,P1,E4-S8-T1,04-feature-breakdown.md; 07-api-specification.md,
E4-S8-T3,E4,E4-S8,[BE] 균등 참여 분석 API,"[BE]","발언 기회 균등화 분석 API",1,P1,E4-S8-T2,04-feature-breakdown.md; 07-api-specification.md,
E4-S8-T4,E4,E4-S8,[FE] 발언 큐 UI,"[FE]","발언 대기 큐 목록 컴포넌트",2,P1,,04-feature-breakdown.md; 08-ui-ux-design.md,e4-active/soc-001-discussion.html
E4-S8-T5,E4,E4-S8,[FE] 발언 타이머 UI,"[FE]","발언 시간 제한 타이머 표시",1,P1,,04-feature-breakdown.md; 08-ui-ux-design.md,e4-active/soc-001-discussion.html
E4-S8-T6,E4,E4-S8,[FE] 질문 스레드 시각화,"[FE]","질문-응답 스레드 시각화 컴포넌트",2,P1,,04-feature-breakdown.md; 08-ui-ux-design.md,e4-active/soc-002-nominate.html
E5-S1-T1,E5,E5-S1,[BE] 객관식 채점 로직 개발,"[BE]","객관식 문제 자동 채점 로직, 부분 점수",1,P0,E4-S4-T2,04-feature-breakdown.md; 07-api-specification.md,
E5-S1-T2,E5,E5-S1,[BE] 정답률 통계 수집 로직,"[BE]","문항별 정답률 통계 집계 로직",1,P0,E5-S1-T1,04-feature-breakdown.md; 06-database-design.md,
E5-S1-T3,E5,E5-S1,[FE] 채점 결과 UI,"[FE]","정답/오답 시각적 표시, 점수 표시",2,P0,,04-feature-breakdown.md; 08-ui-ux-design.md,e5-assessment/grade-001-quiz-result.html
E5-S1-T4,E5,E5-S1,[FE] 해설 표시 컴포넌트,"[FE]","문제 해설 표시 컴포넌트",1,P0,,04-feature-breakdown.md; 08-ui-ux-design.md,e5-assessment/grade-001-quiz-result.html
E5-S2-T1,E5,E5-S2,[BE] NLP 모델 통합,"[BE]","BERT/Sentence-BERT 모델 통합, 의미 유사도 분석",5,P0,,04-feature-breakdown.md; 02-technical-architecture.md,
E5-S2-T2,E5,E5-S2,[BE] 유사도 계산 API,"[BE]","모범 답안과의 유사도 계산 API",2,P0,E5-S2-T1,04-feature-breakdown.md; 07-api-specification.md,
E5-S2-T3,E5,E5-S2,[BE] 키워드 분석 로직,"[BE]","필수 키워드 포함 여부 체크 로직",2,P0,E5-S2-T1,04-feature-breakdown.md; 07-api-specification.md,
E5-S2-T4,E5,E5-S2,[BE] 채점 결과 저장/수정 API,"[BE]","AI 채점 결과 저장, 교수 수정 반영 API",1,P0,E5-S2-T2,04-feature-breakdown.md; 07-api-specification.md,
E5-S2-T5,E5,E5-S2,[FE] AI 채점 결과 UI (교수용),"[FE]","AI 채점 결과 표시, 신뢰도, 점수 조정",2,P0,,04-feature-breakdown.md; 08-ui-ux-design.md,e5-assessment/ai-grade-001-review.html
E5-S2-T6,E5,E5-S2,[FE] 점수 수정 인터페이스,"[FE]","교수 점수 수정 및 피드백 입력 UI",1,P0,,04-feature-breakdown.md; 08-ui-ux-design.md,e5-assessment/ai-grade-001-review.html
E5-S3-T1,E5,E5-S3,[BE] 코드 실행 환경 구성,"[BE]","Judge0/Docker 기반 코드 실행 샌드박스 구성",5,P0,,04-feature-breakdown.md; 02-technical-architecture.md,
E5-S3-T2,E5,E5-S3,[BE] 테스트 케이스 실행 API,"[BE]","코드 실행 및 테스트 케이스 검증 API",2,P0,E5-S3-T1,04-feature-breakdown.md; 07-api-specification.md,
E5-S3-T3,E5,E5-S3,[BE] 시간/메모리 제한 로직,"[BE]","코드 실행 시간/메모리 제한 처리",1,P0,E5-S3-T1,04-feature-breakdown.md; 07-api-specification.md,
E5-S3-T4,E5,E5-S3,[BE] 표절 검사 로직,"[BE]","Moss 연동 코드 표절 검사 로직",2,P0,E5-S3-T2,04-feature-breakdown.md; 07-api-specification.md,
E5-S3-T5,E5,E5-S3,[FE] 코드 에디터 컴포넌트,"[FE]","Monaco Editor 기반 코드 에디터",2,P0,,04-feature-breakdown.md; 08-ui-ux-design.md,e5-assessment/code-001-submit.html
E5-S3-T6,E5,E5-S3,[FE] 실행 결과 UI,"[FE]","테스트 케이스 결과, 오류 메시지 표시",2,P0,,04-feature-breakdown.md; 08-ui-ux-design.md,e5-assessment/code-002-result.html
E5-S3-T7,E5,E5-S3,[FE] 표절 검사 결과 UI,"[FE]","표절 검사 결과 리포트 표시",2,P0,,04-feature-breakdown.md; 08-ui-ux-design.md,e5-assessment/code-003-plagiarism.html
E5-S4-T1,E5,E5-S4,[BE] 피드백 생성 로직,"[BE]","오답 기반 자동 피드백 생성 로직",2,P0,E5-S1-T1,04-feature-breakdown.md; 07-api-specification.md,
E5-S4-T2,E5,E5-S4,[BE] 학습 자료 추천 API,"[BE]","관련 학습 자료 추천 API",2,P0,E5-S4-T1,04-feature-breakdown.md; 07-api-specification.md,
E5-S4-T3,E5,E5-S4,[BE] 피드백 저장 API,"[BE]","피드백 히스토리 저장 API",1,P0,E5-S4-T1,04-feature-breakdown.md; 06-database-design.md,
E5-S4-T4,E5,E5-S4,[FE] 피드백 표시 UI,"[FE]","즉각 피드백 알림/카드 컴포넌트",2,P0,,04-feature-breakdown.md; 08-ui-ux-design.md,e5-assessment/feedback-001-instant.html
E5-S4-T5,E5,E5-S4,[FE] 추천 자료 카드 컴포넌트,"[FE]","관련 학습 자료 추천 카드",1,P0,,04-feature-breakdown.md; 08-ui-ux-design.md,e5-assessment/feedback-001-instant.html
E5-S5-T1,E5,E5-S5,[BE] 참여 이벤트 수집 로직,"[BE]","발언/채팅/투표/손들기 이벤트 수집 로직",2,P0,,04-feature-breakdown.md; 06-database-design.md,
E5-S5-T2,E5,E5-S5,[BE] 참여도 점수 계산 알고리즘,"[BE]","가중치 기반 참여도 점수 계산 알고리즘",2,P0,E5-S5-T1,04-feature-breakdown.md; 07-api-specification.md,
E5-S5-T3,E5,E5-S5,[BE] 가중치 설정 API,"[BE]","코스별 참여도 항목 가중치 설정 API",1,P0,E5-S5-T2,04-feature-breakdown.md; 07-api-specification.md,
E5-S5-T4,E5,E5-S5,[BE] 참여도 조회 API,"[BE]","교수/학생별 참여도 조회 API",1,P0,E5-S5-T2,04-feature-breakdown.md; 07-api-specification.md,
E5-S5-T5,E5,E5-S5,[FE] 참여도 가중치 설정 UI,"[FE]","교수용 참여도 항목 가중치 설정 UI",2,P0,,04-feature-breakdown.md; 08-ui-ux-design.md,e5-assessment/engage-001-settings.html
E5-S5-T6,E5,E5-S5,[FE] 학생용 참여도 대시보드,"[FE]","학생 본인 참여도 실시간 확인 대시보드",2,P0,,04-feature-breakdown.md; 08-ui-ux-design.md,e5-assessment/engage-002-dashboard.html
E5-S6-T1,E5,E5-S6,[BE] 동료 평가 CRUD API,"[BE]","동료 평가 생성/조회/수정/삭제 API",2,P2,,04-feature-breakdown.md; 07-api-specification.md,
E5-S6-T2,E5,E5-S6,[BE] 이상치 제거 알고리즘,"[BE]","편향된 평가 필터링 알고리즘",2,P2,E5-S6-T1,04-feature-breakdown.md; 07-api-specification.md,
E5-S6-T3,E5,E5-S6,[BE] 평가 결과 집계 로직,"[BE]","동료 평가 점수 집계 및 평균 계산",1,P2,E5-S6-T2,04-feature-breakdown.md; 07-api-specification.md,
E5-S6-T4,E5,E5-S6,[FE] 동료 평가 폼 UI,"[FE]","동료 평가 입력 폼, 루브릭 기반 평가",2,P2,,04-feature-breakdown.md; 08-ui-ux-design.md,e5-assessment/peer-001-evaluate.html; e5-assessment/peer-001-evaluate-student.html
E5-S6-T5,E5,E5-S6,[FE] 평가 결과 요약 UI,"[FE]","동료 평가 결과 요약 페이지",1,P2,,04-feature-breakdown.md; 08-ui-ux-design.md,e5-assessment/peer-002-result.html
E5-S6-T6,E5,E5-S6,[FE] 동료 평가 설정 UI,"[FE]","동료 평가 생성/설정 페이지",1,P2,,04-feature-breakdown.md; 08-ui-ux-design.md,e5-assessment/peer-001-setup.html
E6-S1-T1,E6,E6-S1,[BE] 실시간 참여 데이터 수집 서비스,"[BE]","세션 중 참여 이벤트 실시간 수집 서비스",2,P0,E5-S5-T1,04-feature-breakdown.md; 06-database-design.md,
E6-S1-T2,E6,E6-S1,[BE] 참여도 통계 실시간 계산,"[BE]","실시간 참여도 통계 계산 서비스",2,P0,E6-S1-T1,04-feature-breakdown.md; 07-api-specification.md,
E6-S1-T3,E6,E6-S1,[BE] 참여도 WebSocket 스트리밍,"[BE]","실시간 참여도 데이터 WebSocket 스트리밍",2,P0,E6-S1-T2,04-feature-breakdown.md; 07-api-specification.md,
E6-S1-T4,E6,E6-S1,[BE] 참여도 알림 로직,"[BE]","특정 학생 무참여 시 알림 발생 로직",1,P0,E6-S1-T2,04-feature-breakdown.md; 07-api-specification.md,
E6-S1-T5,E6,E6-S1,[FE] 막대 그래프 컴포넌트,"[FE]","D3.js/Recharts 기반 참여도 막대 그래프",2,P0,,04-feature-breakdown.md; 08-ui-ux-design.md,e6-analytics/analytics-001-realtime.html
E6-S1-T6,E6,E6-S1,[FE] 트렌드 그래프 컴포넌트,"[FE]","시간대별 참여도 트렌드 라인 그래프",2,P0,,04-feature-breakdown.md; 08-ui-ux-design.md,e6-analytics/analytics-001-realtime.html
E6-S1-T7,E6,E6-S1,[FE] 대시보드 레이아웃 UI,"[FE]","실시간 참여도 대시보드 레이아웃",2,P0,,04-feature-breakdown.md; 08-ui-ux-design.md,e6-analytics/analytics-001-realtime.html
E6-S2-T1,E6,E6-S2,[BE] 학습 데이터 집계 배치 작업,"[BE]","일별/주별 학습 데이터 배치 집계",2,P1,E6-S1-T1,04-feature-breakdown.md; 06-database-design.md,
E6-S2-T2,E6,E6-S2,[BE] 개인별 분석 API,"[BE]","학생 개인별 학습 분석 API",2,P1,E6-S2-T1,04-feature-breakdown.md; 07-api-specification.md,
E6-S2-T3,E6,E6-S2,[BE] 코스 분석 API,"[BE]","코스 전체 학습 분석 API",2,P1,E6-S2-T1,04-feature-breakdown.md; 07-api-specification.md,
E6-S2-T4,E6,E6-S2,[BE] 리포트 PDF 생성,"[BE]","WeasyPrint 기반 PDF 리포트 생성",2,P1,E6-S2-T2; E6-S2-T3,04-feature-breakdown.md; 07-api-specification.md,
E6-S2-T5,E6,E6-S2,[BE] Excel 내보내기 로직,"[BE]","학습 데이터 Excel 내보내기",1,P1,E6-S2-T2; E6-S2-T3,04-feature-breakdown.md; 07-api-specification.md,
E6-S2-T6,E6,E6-S2,[FE] 개인 리포트 UI,"[FE]","학생 개인 학습 리포트 페이지",2,P1,,04-feature-breakdown.md; 08-ui-ux-design.md,e6-analytics/report-001-personal.html
E6-S2-T7,E6,E6-S2,[FE] 코스 리포트 UI,"[FE]","코스 전체 학습 리포트 페이지",2,P1,,04-feature-breakdown.md; 08-ui-ux-design.md,e6-analytics/report-002-course.html
E6-S2-T8,E6,E6-S2,[FE] 분포 그래프 컴포넌트,"[FE]","학생 간 참여도/성적 분포 그래프",2,P1,,04-feature-breakdown.md; 08-ui-ux-design.md,e6-analytics/grade-002-statistics.html
E6-S3-T1,E6,E6-S3,[BE] 위험 지표 계산 로직,"[BE]","연속 결석, 참여도 급락, 성적 하락 지표 계산",2,P1,E6-S2-T1,04-feature-breakdown.md; 07-api-specification.md,
E6-S3-T2,E6,E6-S3,[BE] 위험 학생 탐지 스케줄러,"[BE]","일별 위험 학생 탐지 배치 스케줄러",2,P1,E6-S3-T1,04-feature-breakdown.md; 06-database-design.md,
E6-S3-T3,E6,E6-S3,[BE] 알림 발송 로직,"[BE]","위험 학생 발견 시 교수 알림 발송",1,P1,E6-S3-T2,04-feature-breakdown.md; 07-api-specification.md,
E6-S3-T4,E6,E6-S3,[FE] 위험 학생 목록 UI,"[FE]","위험 학생 목록 테이블, 위험도 표시",2,P1,,04-feature-breakdown.md; 08-ui-ux-design.md,e6-analytics/alert-001-dashboard.html
E6-S3-T5,E6,E6-S3,[FE] 개입 제안 카드 UI,"[FE]","학생별 개입 제안 카드 컴포넌트",1,P1,,04-feature-breakdown.md; 08-ui-ux-design.md,e6-analytics/alert-002-tracking.html
E6-S3-T6,E6,E6-S3,[FE] 임계값 설정 UI,"[FE]","위험 지표 임계값 커스터마이징 UI",1,P1,,04-feature-breakdown.md; 08-ui-ux-design.md,e6-analytics/alert-001-dashboard.html
E6-S4-T1,E6,E6-S4,[BE] 상호작용 데이터 수집 로직,"[BE]","학생 간 토론 상호작용 데이터 수집",2,P2,E6-S1-T1,04-feature-breakdown.md; 06-database-design.md,
E6-S4-T2,E6,E6-S4,[BE] 네트워크 분석 알고리즘,"[BE]","중심성, 연결성 등 네트워크 분석 알고리즘",3,P2,E6-S4-T1,04-feature-breakdown.md; 07-api-specification.md,
E6-S4-T3,E6,E6-S4,[BE] 클러스터링 로직,"[BE]","학생 그룹 클러스터링 알고리즘",2,P2,E6-S4-T2,04-feature-breakdown.md; 07-api-specification.md,
E6-S4-T4,E6,E6-S4,[FE] 네트워크 그래프 UI,"[FE]","D3.js force graph 기반 네트워크 시각화",5,P2,,04-feature-breakdown.md; 08-ui-ux-design.md,e6-analytics/network-001-visualization.html
E6-S4-T5,E6,E6-S4,[FE] 시간별 애니메이션,"[FE]","네트워크 변화 시간별 애니메이션",2,P2,,04-feature-breakdown.md; 08-ui-ux-design.md,e6-analytics/network-001-visualization.html
E6-S4-T6,E6,E6-S4,[FE] 개인 네트워크 분석 UI,"[FE]","개별 학생 상호작용 네트워크 분석 페이지",2,P2,,04-feature-breakdown.md; 08-ui-ux-design.md,e6-analytics/network-002-individual.html
DB-001,INFRA,INFRA,[DB] 전체 데이터베이스 스키마 생성,"[DB]","PostgreSQL 데이터베이스 스키마 생성, 모든 테이블 DDL 실행",3,P0,,06-database-design.md,
DB-002,INFRA,INFRA,[DB] 초기 데이터 시딩,"[DB]","역할, 권한, 시스템 설정 등 초기 데이터 시딩",1,P0,DB-001,06-database-design.md,
DB-003,INFRA,INFRA,[DB] 인덱스 및 제약조건 설정,"[DB]","성능 최적화를 위한 인덱스, FK 제약조건 설정",2,P0,DB-001,06-database-design.md,
BE-001,INFRA,INFRA,[BE] 프로젝트 초기 설정,"[BE]","NestJS 프로젝트 생성, 폴더 구조, 환경 설정",2,P0,,02-technical-architecture.md,
BE-002,INFRA,INFRA,[BE] 공통 모듈 설정,"[BE]","로깅, 예외 처리, 응답 포맷 등 공통 모듈",2,P0,BE-001,02-technical-architecture.md; 07-api-specification.md,
BE-003,INFRA,INFRA,[BE] 데이터베이스 연결 설정,"[BE]","Prisma ORM 설정, DB 연결, 마이그레이션",2,P0,BE-001; DB-001,02-technical-architecture.md; 06-database-design.md,
FE-001,INFRA,INFRA,[FE] 프로젝트 초기 설정,"[FE]","Next.js 14 프로젝트 생성, 폴더 구조, 환경 설정",2,P0,,02-technical-architecture.md,
FE-002,INFRA,INFRA,[FE] 공통 컴포넌트 라이브러리 설정,"[FE]","shadcn/ui 설정, 기본 컴포넌트 구성",2,P0,FE-001,02-technical-architecture.md; 08-ui-ux-design.md,
FE-003,INFRA,INFRA,[FE] 상태 관리 및 API 클라이언트 설정,"[FE]","Zustand, React Query, Axios 설정",2,P0,FE-001,02-technical-architecture.md,
DOC-001,DOC,DOC,[DOC] API 문서 자동화 설정,"[DOC]","Swagger/OpenAPI 자동 문서 생성 설정",1,P1,BE-001,07-api-specification.md,
DOC-002,DOC,DOC,[DOC] 개발 가이드 문서 작성,"[DOC]","개발 환경 설정, 코딩 컨벤션, 브랜치 전략 문서",2,P1,,
DOC-003,DOC,DOC,[DOC] 배포 가이드 문서 작성,"[DOC]","Docker, Kubernetes 배포 가이드 문서",2,P1,,02-technical-architecture.md,
